,Code,Main sector/ministry,Document type,Document title,Region,pdf available,Year of publication,Is the document Binding? 1=Binding 2=Non-Binding,SDG Agonist/ SDG Antagonist ,Timeline,Contributing sector/institution,Other contributors (non-govt),Alignment with other policies              1=Aligned 2=Not Aligned,Main goal,Main objective(s),Goal/objectives related to nutrition (Yes/No),Nutrition relevant information,avaialbility of Indicators relted to nutrition (Yes/No),References (Yes/No)
0,ETPM_001,MoWCA,Policy,National Children's Policy,Ethiopia,Yes,2017,Binding,SDG Agonist,--,--,"Religious institutions, indegionous charities and societies,  Regional and International Development Partners","Though the Government endorsed a Social Protection Policy in 2015, the policy has a broad target group and it doesn’t sufficiently address all of the issues of children, who make up 52 per cent of the population. Moreover, it only focuses on vulnerable children with complex and multifaceted problems. Thus, it is necessary to devise a comprehensive policy, operational framework and structure that fully addresses children’s rights and welfare and raises them to become responsible citizens and people of integrity. ",--,Creating a conducive environment for the promotion and protection of children’s rights and welfare in order that they undergo full personality development and become ethical and responsible citizens.,No,3.3 Children and Health (Providing the necessary services for pregnant women so that children get adequate  nutrition and medical attention and develop immunity beginning from the prenatal stage; Taking the necessary measures to ensure nutritional adequacy for the healthy mental and physical growth of children),No,N
1,ETPM_002,MoLSA,Policy,National Employment Policy and Strategy of Ethiopia,Ethiopia,Yes,2009,Binding,--,--,The Ministry of Finance and Economic Development; The Ministry of Agriculture and Rural Development; The Ministry of Capacity Building; The Ministry of Education; The Ministry of Federal Affairs; The Ministry of Foreign Affairs; The Ministry of Health; The Ministry of Justice; The Ministry of Labor and Social Affairs; The Ministry of Mines and Energy; The Ministry of Science and Technology; The Ministry of Trade and Industry; The Ministry of Transport and Communication; The Ministry of Women’s Affairs; The Ministry of Works and Urban Development; The Ministry of Youth and Sports; The Central Statistical Agency; The Bureaus of Finance and Economic Development of Regional States and City Administrations; The Bureaus of Labor and Social Affairs of Regional States and City Administrations; The Confederation of Ethiopian Trade Unions (CETU); The Ethiopian Employers’ Federation (EEF); Higher Education Institutions; and The Ethiopian Chamber of Commerce.,ILO,--,--,"The objectives of the National Employment Policy and Strategy of Ethiopia have three important dimensions: enhancing social welfare, accelerating economic growth, and achieving political stability.",No," The consequences of the pandemic in terms of loss in employment and productivity are particularly high among women. Women also share the highest burden in caring for HIV/AIDS victims and patients at family level. This is an additional burden costing them their ability to search for jobs, to stay on jobs, and to learn and improve their skills. Therefore, the government, in collaboration with development partners and NGOs, should continue providing anti-retroviral therapy (ART) and prophylactic therapy. Nutrition should also constitute a key element in the strategy of managing the pandemic.",No,y
2,ETPM_003,MoH,Policy,National Health policy,Ethiopia,Yes,2011,Binding,--,--,--,--,FNP,"Achieving universal health coverage; • Ensure that citizens have access to health care services in a manner that does not cause economic hardship; • Ensure that health is included in all development policies; • preventing maternal and child deaths due to preventable causes; • Preventing and reducing the spread of illness and death from infectious, non-communicable and a variety of disasters; •  Raising average life expectancy ",--,"Undertake awareness and prevention of health and nutritional problems of food and nutrition by designing and implementing a Food and Nutrition Policy, and works to monitor and prevent diseaserelated diseases through the use of a variety of evidence-based measures;","the health problems associated with hygiene and the environment, health problems associated with nutrition and poor living conditions, and the spread of infectious diseases are widespread. In recent years, an increasing number of non-communicable diseases and accidents have become more health problems",No,Y
3,ETPM_004,Disaster Risk Management Council ,Policy,National Policy And Strategy on Disaster Risk Management ,Ethiopia,Yes,2013,Binding,--,--,"MOA, MOH, MOT, Ministry of Environment and forestry, MoWIE, Ministry of Federal Affairs, Ministry of Transport, Ministry of Mines, Ministry of Natonal Defense, Ministry of Urban Development , Housing and Construction, MOE and region, zone, woreda , Addis Ababa ad Dire Dawa City Administration",--,--,--, The main objective of the Policy is to reduce disaster risks and potential damage caused by a disaster through establishing a comprehensive and coordinated disaster risk management system in the context of sustainable development,No,--,No,--
4,ETPM_005,MoLSA,Policy,National Social Protection Policy,Ethiopia,Yes,2014,Binding,--,--,"Women, Children and Youth Affairs; Ministries of Education, Health, Agriculture, Justice; Finance and Economic Development; Urban Development and House Construction; Business and Industry Agencies as well as Public and Private Social Security Agencies; and  the HIV/AIDS Prevention and Control Office.","United Nations, international agencies as well as relevant charity organizations and societies will participate in the implementation of the Social Protection Policy",--,--,"Protecting individuals, families and groups of the society that are exposed and vulnerable to poverty, different natural and manmade problems;Increasing the Social Insurance system and promoting its coverage; Promoting Human Resource Development by increasing the accessibility of fair and quality healthcare, education and social welfare services; Ensuring the guarantee of work for underemployed compatriots by promoting employment opportunities; Protecting the social and economic rights of groups of the society by improving their living conditions; Involving the society to play appropriate role in implementing the Social Protection Policy",Protecting people exposed to natural and manmade calamities from going down to extreme poverty by promoting social support and guarantying to them food security,--,No,Y
5,ETPM_006,MoT,Policy,Transport policy of Addis Ababa,Ethiopia,Yes,2011,Binding,SDG Agonist,--,"Addis Ababa City Adminstration, private sector , educational institutions ",--,--,--,"To provide safe, efficient, comfortable, affordable, reliable and accessible transport service for the urban dwellers.  To enable the sector to provide for the socio-economic development, good governance, improve the livelihood of the society and adopt environmental protection of the city.  To enhance the status of the city as international seat, by introducing seamless traffic flow through modern traffic management system",No,--,No,--
6,ETPM_007,MoA,Policy,Food and Nutrition Policy of Ethiopia,Ethiopia,Yes,2018,Binding,SDG Agonist,--,--,--,--,--,--,--,--,--,--
7,ETPM_008,MoANR ,Policy ,Ethiopia's Agricultural Sector Policy and Investment Framework (PIF),Ethiopia,Yes,2010,Binding,--,2010-2020, Ministry of Trade and Industry (MoTI); Ministry of Water Resources (MoWR); Federal Cooperative Agency; Ministry of federal Affairs and Environmental Protection Authority.  Ministry of Finance and Economic Development ," FAO, UNDP and the World Bank",Supporting Documents: 1. Plan for Accelerated and Sustained Development to End Poverty 2. Five Year Growth and Transformation Plan 3. Agro-Industry Master Plan 4. CAADP Stocktaking documents 5. CAADP Compact 6. Rural Economic Development and Food Security Sector Working Group Terms of Reference 7. Global Agriculture and Food Security Program draft application 8. Food Security Program 2010-2014 9. Productive Safety Net Program 2010-2014 10. Household Asset Building Program 2010-2014 11. Agricultural Growth Program Activity Approval Document 12. Ethiopian Strategic Investment Framework for Sustainable Land Management 13. Ethiopia Land Administration and Land Use Development Project 14. Ethiopia Water Sector Strategy 15. National Adaptation Program of Action 16. National Nutrition Program ,contribute to Ethiopia’s achievement of middle income status by 2020,sustainably increase rural incomes and national food security,--,--,"At least 8% increase in annual crop and livestock production levels;  8% annual increase in rural household income, consumption and expenditure levels; Number and % of households experiencing food gaps of three months or more.  • 15% increase in households graduating from PSNP and other safety net annually programmes; 3% annual reduction in stunted and underweight children in rural areas;",y
8,ETPM_009,Africa,Policy ,"Policy Framework for Pastoralism in Africa: Securing, Protecting and Improving the Lives, Livelihoods and Rights of Pastoralist Communities (2010)",Africa,--,2010,Binding,--,--,--,--,--,--,--,--,--,--,--
9,ETPM_010,--,Policy,Research agenda on fiscal policy reform in Ethiopia ,Ethiopia,--,2018,Binding,--,--,--,--,--,--,--,--,--,--,--
10,ETPM_011,--,Policy ,National Policy and Strategy On Disaster Risk Management,Ethiopia,--,2013,Binding,--,--,--,--,--,--,--,--,--,--,--
11,ETPM_012,MoH,Policy,Ethiopia's Food Safety Policy – 2018,Ethiopia,--,2018,Binding,SDG Agonist,--,--,--,--,--,--,--,--,--,--
12,ETPM_013,MoH,Policy,National Child Policy – 2017,Ethiopia,--,2017,Binding,SDG Agonist,--,--,--,--,--,--,--,--,--,--
13,ETPM_014,East Africa,Policy,THE EAST AFRICAN COMMUNITY Livestock Policy (2016),East Africa,Yes,2016,Binding,--,--,--,--,--,--,--,--,--,--,--
14,ETPM_015,MoH,Policy,Federal Democratic Republic of Ethiopia National Early Childhood Development and Education Policy Framework,Ethiopia,--,2022/23,Binding,--,--,--,--,--,--,--,--,--,--,--
15,ETPM_016,IGAD,Policy and Strategy,The IGAD Regional Nutrition Policy and Strategy (2016-2021),IGAD,--,--,Binding,--,--,--,--,--,--,--,--,--,--,--
16,ETPM_017,MoLSA,Policy,NATIONAL SOCIAL  PROTECTION POLICY OF  ETHIOPIA FINAL DRAFT,Ethiopia,--,2012,Binding,--,--,--,--,--,--,--,--,--,--,--
17,ETPM_018,EFDA,Directive,Food Registration Directive (2019),Ethiopia,--,2019,Binding,--,--,--,--,--,--,--,--,--,--,--
18,ETPM_019,EFDA,Directive,Food Advertising Directive (2015),Ethiopia,--,2015,Binding,--,--,--,--,--,--,--,--,--,--,--
19,ETPM_020,EFDA,Directive,Food Supplement Directive (2016),Ethiopia,--,2016,Binding,--,--,--,--,--,--,--,--,--,--,--
20,ETPM_021,MoH,Directive,Infant and follow up formula directives,Ethiopia,--,2005,Binding,--,--,--,--,--,--,--,--,--,--,--
21,ETPM_022,IGAD,Initiative,"The IGAD Drought Disaster Resilience and Sustainability Initiative (IDDRSI), The IDDRSI Strategy (2019 – 2024)",IGAD,--,--,--,--,--,--,--,--,--,--,--,--,--,--
22,ETPM_023,IGAD,Initiative,IGAD Drought Disaster Resilience and Sustainability Initiative (IDDRSI) – 2011,IGAD,--,2011,--,--,--,--,--,--,--,--,--,--,--,--
23,ETPM_024,MoA,Framework,"Regional Pastoral Livelihoods Resilience Project, Environmental and Social Management Framework, 2013",Ethiopia,--,2013,--,--,--,--,--,--,--,--,--,--,--,--
24,ETPM_025,MoH,Protocol,Protocol for the management of severe acute malnutrition,Ethiopia,--,2007,--,--,--,--,--,--,--,--,--,--,--,--
25,ETPM_026,MoH,Protocol,Occupational Health and Safety (OHS) Protocol for RLLPII (P174385),Ethiopia,Yes,2024,--,--,--,--,--,--,--,--,--,--,--,--
26,ETPM_027,MoH,Declaration,Seqota declaration: Innovative government of Ethiopia's commitment to end stunting in 2030 addressing multisectoral coordination between different sectors,Ethiopia,--,2019,Binding,--,--,--,--,--,--,--,--,--,--,--
27,ETPM_133,MoH-EFDA ,Proclamation,National Food Safety/Regulatory Framework: EFDA Proclamation & Regulations,Ethiopia,Yes,2021,--,--,--,--,--,--,--,--,--,--,--,--
28,ETPM_028,Ministry of Revenues,Proclamation,Excise Tax (2019),Ethiopia,--,2019,Binding,--,--,--,--,--,--,--,--,--,--,--
29,ETPM_029,MoH,Proclamation,Public Health Proclamation-2020,Ethiopia,--,2020,Binding,--,--,--,--,--,--,--,--,--,--,--
30,ETPM_030,MoH,Strategy,Information Revolution Strategic Plan,Ethiopia,Yes,2018,--,--,"2018-2025
",MoH,--,--,--,--,--,--,--,--
31,ETPM_031,MoA,Strategy,Ethiopia National Dairy Development Strategy 2022–2031,Ethiopia,Yes,2023,--,--,2022–2031,--,--,--,--,--,--,--,--,--
32,ETPM_032,MoLSA,Strategy,National Social  Protection Strategy OF  Ethiopia ,Ethiopia,--,2016,--,--,--,--,--,--,--,--,--,--,--,--
33,ETPM_033,MoANR ,Strategy,Agricultural Extension Strategy of Ethiopia,Ethiopia,Yes,2017,--,--,2017-2022,--,"The implementation of this strategy requires the involvement of key organizations including public, NGOs and private sector at various levels","While the strategy is long-term envisages implementation periods of 5 years as short-term (coinciding with GTP-2) and additionally a long-term; i.e., a   ten-year during which the interventions may be further refined based on lessons learned and continuous farmer feedback. ","Contribute significantly to the attainment of food and nutrition security, poverty reduction and wealth creation in the country through adoption and adaptation of improved technologies by delivering market-oriented, demand-driven, and pluralistic extension services","To transform Ethiopia’s agriculture through the implementation of pluralistic extension system by providing demand-driven and market-oriented extension services to male, female and youth farmers, pastoralists and agro pastoralists","Ensure mainstreaming of gender, nutrition, and environmental issues in the extension service delivery to bring sustainable development; ","This strategy recognizes the importance of gender youth and nutrition mainstreaming as a key approach to ensure equality between women and men, and through increased agricultural production, productivity, leading to the wellbeing of women and youth farmers. The four main bottlenecks that affect gender youth and nutrition mainstreaming are (1) poor gender and youth mainstreaming in extension programs planning, implementation and in monitoring, learning and evaluation;(2) shortage of gender disaggregated data;(3)Socio-cultural constraints; and (4) inadequate nutrition sensitive extension service. This strategy has developed sevensystemic interventions to address these issues. ","% small holders farmers (male, female and youth) express their satisfaction in receiving market-oriented, demand driven and tailored extension services; % of smallholder farmers linked with improved markets. ",y
34,ETPM_034,FDRE,Strategy,Ethiopia’s Climate-Resilient Green Economy . Green Economy Strategy   ,Ethiopia,Yes,2011,--,--,--,--,--,GTP II,--, The objective is to identify green economy opportunities that could help Ethiopia reach its ambitious growth targets while keeping greenhouse gas emissions low,--," The introduction of lower-emitting techniques for agriculture offers an opportunity to check this increase while maintaining production levels. This initiative includes improved agronomic practices that increase soil carbon storage, nutrient management to more efficiently use carbon/nitrogen, improved tillage and soil management, integrated systems (mixed crop-livestockagri-forest), and water management (irrigation, terracing, and other water-harvesting techniques).",--,--
35,ETPM_035,MoA/ATA,Strategy,Ethiopian National Agricultral Mechanization Strategy,Ethiopia,Yes,2014,--,--,--,"MOA, Government research Institutes (EIAR, RARIs) , SME",NGO,"Sustainable Development and Poverty Reduction Program (SDPRP) , The Plan for Accelerated and Sustained Development to End Poverty (PASDEP)  and GTPI.",--,"Define the national visions and strategic objectives for agricultural mechanization until 2025, with clear interventions and key activities detailed for the next  five years  Identify the current context and primary bottlenecks to smallholder farmers’ success in each step of the value chain  Develop national agricultural mechanization business models, describing key actors and their interactions, including strategic objectives, and; design a set of comprehensive, actionable interventions addressing these bottlenecks and achieve the ideal states for these national business models   Propose a series of prioritized key activities and appropriate owners to successfully carry out the strategy  Outline an implementation plan to actualize the above components ",No,--,No,y
36,ETPM_036,Ministry of Urban Development and Housing,Strategy,Integrated urban sanitation and hygiene strategy,Ethiopia,Yes,2015,--,--,--,"MOH,  MoEFCC,MoWIE, Ministry of Environment, Forestry and Climate Changeuniversties and reasearch institutes, ",--,"Growth and Transformation Plan,One WASH National Program (OWNP) ,·The Urban Health Extension Programme (UHEP), Health Sector Transformation Plan (HSTP) ","The overall goal of this strategy is to mitigate the negative impacts of poor urban sanitation on health, environment, society, education and the economy by implementing full sanitation systems (from containment through to disposal) for liquid and solid waste through the introduction of sustainable service delivery systems, ensuring uptake of services, intensifying behavioural change communication, strengthening sector integration, and institutional capacities and enforcing regulations","To bring sustained behavioural change for better hygienic practices, installation of facilities and delivery and uptake of sanitation services by 2020, To ensure open defecation free cities and towns by 2020 from current average of 6% to zero percent open defecation , To ensure that 100% of urban households in any given town or city have access to improved latrines or toilets by 2020. ·	To increase the faecal sludge management systems capable of safely removing, treating and recycling faecal matter to 70% coverage by 2025 (interim targets of 30% by 2020). ·	To install 1,000 decentralised waste water treatment systems capable of treating liquid and faecal matter to a standard that can be directly and safely used in the immediate environment or following further conditioning in localised facilities by 2025 (interim target of 200 by 2020). ·To Reduce, Recycle or Reuse 50% of all solid waste generated in medium and large towns and cities by 2025 (interim target of 20% by 2020). ·	To dispose of 100% of the remaining solid waste in controlled tipping and sanitary landfill sites that fully comply with 2014 Guidelines by 2030 (interim target of 50% by 2020). ·	To ensure safe disposal of 100% health care waste from all health care facilities by 2025 (interim target of 95% by 2020). ·	To enforce safe treatment, reuse or disposal of industrial liquid and solid wastes to ensure ecosystem, agricultural and human protection from all industries by 2035 (interim target of 30% of all industries by 2020). ·	To strengthen sector performance through formation of a ”coordination body” that will be managed and financed so as to direct capacity building efforts towards participating individual or clustered municipalities, utilities and contractors. Such coordination body to be fully established by 2020 ",No,--,No,y
37,ETPM_037,MoH,Strategy,National Adloescent and youth health strategy (2021-2025),Ethiopia,Yes,2021,--,--,2021-2025," Ministry of Education (MOE), Ministry of Women and Children Affairs (MOWCA), Ministry of Sports and Youth Affairs (MOSYA), and Ministry of Labor and Social Affairs (MOLSA), and youth and women associations,Academic and Research Institutions",Bilateral Development Partners and Philanthropic Institutions,"GTPII, HEP,  National School Health and Nutrition Strategy (MOE, 2012),","Reducing mortality and morbidity by 50% • Reducing suicide rate by 50% • Reducing mortality from road traffic accident by 25% • Reducing pregnancy related deaths by 50% • Reducing HIV incidence by 75% and,Reducing adolescent pregnancy rate by 75% ","Increasing access to AYH information and age appropriate CSE and life-skills education; • Enhancing equitable access to high quality, efficient and effective adolescent and youthfriendly health services; • Strengthening strategic information and research on adolescents and youth; • Promoting a supportive and enabling policy environment; • Supporting and facilitating youth engagement and ownership of health programs; and • strengthening inter-sectoral coordination, networking and partnership",--,"the strategy is the first of its kind that goes beyond SRH, HIV, and addresses such target conditions as nutrition, mental health, substance use, noncommunicable diseases, intentional and unintentional injuries, various forms of violence, and risks and vulnerabilities associated with disability, identified by the situational analysis","Decrease the prevalence of iron deficiency anemia among adolescent girls aged 10-19 years, Increase access to AYH information and education Enhance equitable access to highquality AYHS( improve nutritional status ),% adolescents and youth who access health services and assessed and counseled for nutritional problem",y
38,ETPM_038,MoH,Strategy,National Eye Health Strategy,Ethiopia,N (ppt),2017,--,--,--,--,--,--,"To provide accessible, equitable, inclusive, affordable, comprehensive, integrated and sustainable quality eye health service "," O1-Improving eye health governance and ownership across all levels in government structures , O2-Empowering and engaging the community in eye health to create sense of ownership, to increase service utilization , O3-Providing integrated quality eye health service at all levels, O4-Strengthening Human Resource for eye health, O5- Improving infrastructure and logistics for eye health, S.O6- Generating evidence for informed decision making, S.O7- Improving the monitoring and evaluation system of eye health , S.O8- Enhancing Partnership across all stakeholders for harmonization and alignment of eye health activities",--,As part of disease control -Prevention and treatment of nutritional deficiencies that lead to blindness in children,--,--
39,ETPM_039,MoH,Strategy,National Health Care Financing Strategy,Ethiopia,Yes,--,--,--,2015-2035,"The major actors of the HCFS are Federal/Regional states/Woreda Administrations (the political leaders), Federal Ministry of Health, Regional Health Bureaus, Woreda Health Offices, Public and Private Health Facilities, Health Insurance Agency, Ministry of Social and labour Affairs, Regional Social and Labor Affairs, Federal Revenue Collection Authorities, Regional Revenue Collection Agencies and Finance and Economic Development Ministry/ Regional Finance and Economic Development Bureaus, and Development Partners",--,--,"The goal of this strategy is to contribute to improvements in health status, financial risk protection and public satisfaction through assisting the realization of universal health coverage  as stipulated in, ‘Envisioning Ethiopia’s Path towards Universal Health Coverage through Primary Health Care’  and the health policy",Contribute towards the realization of progress towards universal health coverage through enhancing risk protection mechanisms and protecting indigents;  Contribute towards increasing domestic source of health financing and strengthen public private partnership to  gradually reduce aid dependency over the long term;  To continue investing on the essential health services (exempted health services) sustainably ,No,--,No,Y
40,ETPM_040,MoH,Strategy,Ethiopian National Health Care Quality Strategy,Ethiopia,Yes,--,--,--,2016-2020," Food, Medicine, Healthcare Administration and Control Authority (FMHACA) and Pharmaceutical Fund Supply Agency (PFSA), Professional organizations such as the Ethiopian Public Health Association (EPHA) and Ethiopian Medical Association (EMA) "," Institute for Healthcare Improvement, Clinton Health Access Initiative, Jhpiego, and Abt Associates",--,"The aim of this Nati onal Health Care Quality Strategy is to consistently improve the outcomes of clinical care, pati ent safety, and pati ent-centeredness, while increasing access and equity for all segments of the Ethiopian populati on, by 2020",--,--," Ethiopia has the highest rate of malnutrition in SubSaharan Africa, affecting 40% of the country’s children.4 Our priority area is the reduction of child mortality through the prevention and management of severe acute malnutrition", Maternal and Child Health: •  Maternal mortality rati o (MMR) •  Insti tuti onal maternal mortality rati o (MMR) •  Neonatal Mortality rate (NMR) •  Sti llborn rate •  % of low birth weight newborns Malnutriti on: •  Treatment outcome for management of severe acute malnutriti on ,y
41,ETPM_041,MoH,Strategy,Hygiene and Environmental Health Strategy ,Ethiopia,Yes,2016,--,--,2016-2020,"FMHACA, PESA, EPHI, MOWIE, MOE, MOLSA,MOA, MEFCC, ESA, MOTI,MOT, MOWCA, MOUDH,","Development partners, NGOs working in WaSH, Faith based organization",The Health Sector Transformation Plan (HSTP) as part of the GTP II is undertaking a robust rural and urban transformation program for which hygiene and environmental health strategy and action plan will play fundamental role. ,The ultimate goal of this strategy is to comprehensively implement key domains of the hygiene and environmental health through community empowerment and institutional enhancement,Objective 1:   By 2020 achieve access to adequate and equitable sanitation for all. Objective 2: By 2020 promote basic hygiene behavior in order to control related communicable diseases. Objective 3:  By 2020 ensure safe water from the point of source to consumption. Objective 4: By 2020 ensure basic WASH in all institutions. Objective 5: By 2020 ensure food safety from farm to fork. Objective 6:  By 2020 reduce vector borne diseases. Objective 7: By 2020 ensure safe and conducive working environment in all institutions. Objective 8: By 2020 enable abatement of generation and exposure to sources of pollution. Objective 9: By 2020 ensure empowered community through organized and promotional interventions. Objective 10: By 2020 create reliable and enabling environment for hygiene and environmental health activities .,No,"The study by World Bank 2013, established that malnutrition is not due to lack of food only but also the result of environment risk factors such as poor sanitation and hygiene. However, the nutrition status in Ethiopia is improving as indicated by three years result of the EDHS 2011.  But still total removal or control of the risk factors is the only guarantee for a sustained child development . // Hygiene and environmental health is a cross cutting program with public health disciplines such as nutrition, maternal and child health, HIV/AIDES etc.; education, water, agriculture, industry, tourism, and other development issues are somehow interrelated with environment and health. ","% of households with access to improved latrine ,% of open defecation free kebeles , % of population practicing hand washing with soap/substitute at critical moments,% of households with access to safe water supply., % of households implementing basic hygiene ",Y
42,ETPM_042,MoH,Strategy,National Occupational Safety and Health Policy and Strategy,Ethiopia,No,on draft stage ,--,--,--,--,--,--,--,--,--,--,--,--
43,ETPM_043,MoA,Strategy,National Pulses Strategy,Ethiopia,Yes,--,--,--,2019-2024," Ethiopian Pulses, Oilseeds and Spices Processors-Exporters Association ( EPOSPEA ","International Trade Centre,Supporting Indian Trade and Investment for Africa ( SITA ), DFID",GTPII ,"Short-term goals :
  Continue concentrating on South Asia for trade and investments.  Promote cooperation with overseas pulse organizations to learn best practices and develop partnerships.  Introduce a ‘national business code of conduct’ for pulse exporters.
Medium-term goals :
  Move towards value added products.  Incentivize investments.
Long-term goals :
  Establish a traceability and certification system for pulse products. This will enable organic farming","Strategic objective 1: Improve sector productivity and quality through enhanced public and private support in research, input distribution, production, processing and export   Strategic objective 2: Improve export competitiveness by strengthening backward production and planning  by responding to market opportunities. Strategic objective 3: Strengthen  the capacity of sector stakeholders  to improve value addition",No," Pulses are pro-poor crops with a unique combination of benefits including rich nutritional value, high income-generation potential and the ability to convert atmospheric nitrogen into a usable form to improve soil fertility.The importance of pulses, as outlined above, makes them ideal crops for simultaneously achieving three developmental goals – reducing poverty, improving human health and nutrition, and enhancing ecosystem resilience. Because of their versatility and nutritional value, the global market for pulses is large and rapidly increasing",No,Y
44,ETPM_044,MoA,Strategy,National Rice Research and Developemnt Strategy ,Ethiopia,Yes,--,--,--,2009-2019,"EIAR,Ministry of Water Resources","SG  2000, JICA","ADLI places very high priority on accelerating agricultural growth and achieving food security. Agriculture is also a main focus of the GoE’s poverty reduction strategy, which includes the Sustainable Development and Poverty Reduction Program (SDPRP) approved in 2002, the 2004 Food Security Strategy (FSS), and, the 2006 Plan for Accelerated and Sustained Development to End Poverty (PASDEP) (MoFED 2002, 2006).  Since  the  2006  PASDEP  will  end  in  June  2010,  the  new  PASDEP  is expected to incorporate the targets of this strategic document",To  contribute  to  the  development  of  a  viable  agricultural  sector  through establishment of a competitive and sustainable rice production and marketing system ," to increase domestic production from the current about 500 thousand tones to about 4 million tons over a 10-year period through the promotion of gender sensitive and productivity-enhancing innovations of small and commercial local rice producers and entrepreneurs along the rice value chain;  to promote marketable surplus of local rice through investment in irrigation, quality   improvement,   value   addition   and   both   domestic   and   regional marketing; and  to  promote  stakeholder  innovation  capacity  for  the  utilization  of  rice  by- products while ensuring sound environmental management practices. ",No,--,No,y
45,ETPM_045,MoLSA,Strategy,National Social Protection Strategy,Ethiopia,Yes,2016,--,--,--,"25 stakeholders ---Key stakeholder analysis section (MOA,NDRMC, MOFED,MOWCA, MOE, Ministry of Urban Development and Housing (MoUDHo) , House of Peoples Representatives…)","Bilateral and multilateral development partners and UN organisations (such as  the World Bank, the UK Department for International Development, UNICEF, the International Labour Organization, the World Food Programme, USAID, and Help Age) have been active members of the National Social Protection Platform and will continue to provide technical and financial assistance to help with the implementation of the strategy.",--,"All Ethiopians enjoy social and economic wellbeing, security, and social justice","·         Expand social assistance coverage to ensure the food security of vulnerable households  exposed to natural and manmade calamities and to prevent them from falling in to extreme poverty ·         Provide support and care to children, individuals, and families under difficult circumstances to help to lift them out of poverty ·         Establish a social safety net system for the benefit of the elderly who have no care and support  ·         Promote public work programmes to ensure food security and enhance community assets.",Focus Area 1: Promoting Productive Safety Nets and Focus area 4  Increasing Access to Basic Services ..some of the objectives are related to nutrition,"Nutrition is one of 16 health packages implemented by the Health Extension Workers (HEWs). The key priorities of the National Nutrition Programme  are improving infant feeding practices, increasing birth spacing, and improving the nutrition of and increasing the intake of micronutrients by women of reproductive age.  ","·         Percentage of children under  5 who are stunted ; •	Number of social protection beneficiaries who move above poverty line (between reporting periods); disaggregated by sex and age
•	Number / percentage of social protection programme graduates who are still above the poverty line two years later
•	Poverty gap of social protection beneficiaries
•	Number of months of food insecurity among social protection clients (household/individuals)
•	Percentage of children aged 6 months to 2 years fed in line with Infant and Young Child Feeding Practices (DHS) – this captures dietary diversity and frequency of feeding
•	Percentage of individuals in social protection beneficiary households who seek medical attention when sick",y
46,ETPM_046,NDRMC,Strategy,National Strategy and Action Plan for the Implentation of the Great Gren Wall Initiative in Ethiopia,Ethiopia,Yes,2012,--,--,2012-2016,"The NSC consists of twenty five (25) members, twenty (20) with voting capacity and five (5) having only advisory capacity. These two groups of members are representatives of:  the Advisor for the Environment of the Presidency of the Republic;  the Prime Ministry Cabinet;  the Ministry of Defense;  the Ministry of Agriculture and Rural Development;  the Ministry of Finance and Economic Development;  the Ministry of Water Resources;  the Ethiopian Forum for Environment;  the Ministry of Higher Education;  the Pan-African Agency of the GGW;  the Director General of National Agency for the implementation of the GGWSSI in Ethiopia;  the Environmental Protection Authority;  the National Meteorological Agency;  the Ethiopian NGOs/CBOs Co-ordination Committee on Desertification;  each of the nine (9) National Regional States, of the two (2) Administrative Councils","United Nations Convention to Combat Desertification (UNCCD), the United Nations Framework Convention on Climate Change (UNFCCC), The Convention on Biological Diversity (UNCBD) and the Comprehensive African Agriculture Development Programme (CAADP) of the African Union","Some of these policies and programmes that are relevant to the GGWSSI include: the Agricultural Development Led Industrialization (ADLI) policy, the Conservation Strategy of Ethiopia (CSE), the environmental law of Ethiopia, the Forestry Action Plan (EFAP), the three subsequent poverty reduction plans (SDPRP, PASDEP and GTP), the National Population Policy (NPP), the National Food Security Strategy (NFSS), the forest policy and the Policy on Pastoral Development. ","The overall goal of the GGWSSI is to improve the resilience of human and natural systems in the Sahel-Saharan zone against climate changes through a sound ecosystems management and the sustainable development of land resources, the protection of material and immaterial rural heritage and the improvement of the living conditions and livelihoods of populations living in these areas",The overall objective of this national strategy of the GGW is to create conditions for sustainable socio-economic and environmental development for the populations,--,"The government has taken measures to implement nutrition-sensitive agriculture. The Agricultural Extension Service has developed a strategy for nutrition-sensitive agriculture that will encourage famers to produce crops and livestock that will help to diversify the diets of rural communities and society at large. Agricultural development agents (DAs) are receiving training on nutrition-sensitive agriculture. Furthermore, food security interventions such as the PSNP have become increasingly nutrition-sensitive. ",--,--
47,ETPM_047,MoA,Strategy,Post-Harvest Management Strategy in Grains in Ethiopia,Ethiopia,Yes,2018,--,--,2018 – 2022,"EIAR, CSA","FAO, Swiss Agency for Development and Cooperation (SDC) ",the Ethiopian Government made very ambitious commitments in its agricultural mechanisation technology strategy under the Agriculture Sector Growth and Transformation Plan (GTP) II (2015 – 2020) to reduce ‘postharvest loss of major crops from 5 - 25% to 5% by the end of the GTP,"The goal of the Postharvest Management Strategy in grains is to improve food availability, food access, food safety and nutrition, and farmer incomes through reduced postharvest losses along the agricultural value chains of grains in Ethiopia",The overall objective of the Postharvest Management Strategy in grains is to reduce food losses through the adaptation/adoption and implementation of appropriate postharvest management systems along the agricultural value chains in Ethiopia,"Reduce, both quantitatively and qualitatively, food losses along the agricultural value chains of grains; ","postharvest is not only multidimensional but multidisciplinary involving the agriculture sector; agro-processing industry; health and nutrition sector; distribution and manufacturing sector, among others. Qualitative food loss is when grain loses its quality attributes resulting in the deterioration in quality leading to a loss of economic, social and nutritional value.Postharvest technology1 is inter-disciplinary ""Science and Technique"" applied to agricultural produce after harvest for its protection, conservation, processing, packaging, distribution, marketing, and utilization to meet the food and nutritional requirements of the people in relation to their needs. It has to develop in consonance with the needs of each society to stimulate agricultural production; prevent postharvest losses, improve nutrition and add value to the products.",Estimated crop losses (%) ; Number of recipes adjudicated most successful (nutritional recipes);Stunting prevalence/height for age (% children under 5) ; Underweight (height for age / weight for age) (% children under 5 ; Wasting prevalence (% children under 5) ; Prevalence of undernourishment (%) (3-year average)  ,y
48,ETPM_048,MoFED,Strategy,Rural Development Policy and Strategies,Ethiopia,Yes,2003,--,--,--,--,--,--,--,--,--,"At the household level, the introduction of new attitudes and changes in cultural practices will be required to adequately implement our strategy for disease prevention. A focus on mothers, who play a very significant role in these matters, is particularly necessary. It will be necessary to organize and familiarize them with the whole strategy and encourage them to take tangible steps as regards personal and domestic hygiene and nutrition",--,--
49,ETPM_049,MoE,Strategy,"National School Water, Sanitation and Hygiene (SWASH) Strategy and Implementation Action Plan ",Ethiopia,Yes,2017,--,--,2017-2021,"MoWIE, MoH, MOA, MoFEC","Faith based/religious organizations,Community level organizations such as Idir/ development partners  ,NGOs"," While WASH has been placed as one of the 7 cross cutting issues in the Education Sector Development Plan V (2016-2020).  The Ministry has established School Improvement Program Directorate to provide institutional support and in addition an MOU has been signed between sector ministries and the OWNP.Integration of SWASH with other development programs such as Climate Resilient Water Safety Plan (WSP); urban and small town hygiene and sanitation program; national nutrition program; Neglected Tropical Disease (NTD), climate change etc ","The ultimate Goal of this strategy is ensure equitable, sustainable and adequate WASH services at convenient location suitable for all school children including those with special needs","The overarching objective of SWASH is to ensure that all children are healthy and have access to clean and safe water, proper sanitation facilities, ventilation systems and a conducive learning environment that would ensure their maximum performance in schools",Strategic objective 1-3 ," Malnutrition is a major public health concern affecting a significant number of school children; influencing their health, growth, development, and academic performance. A background paper for the design of a National Health and Nutrition Strategy conducted in 2008 indicated that 25% of school-age children in Ethiopia are stunted and similarly 25% exhibit wasting (MoE, 2008)3.   According to the 2012 Fogera study, the prevalence of malnutrition is high among school children aged six to fourteen years old. From a total of 790 school children who were subjected to questionnaire surveys, anthropometric measurement, observation and laboratory methods found that the overall prevalence of stunting, underweight and wasting was 30.7%, 59.7% and 37.2% respectively. The study concluded that family size, infection and latrine availability were significantly associated with malnutrition",% of primary schools with access to improved water source ; % of secondary schools with access to improved water source ; % of primary schools with access to improved latrine ; % of secondary schools with access to improved latrine ; % of open defection free schools ;% of schools access to hand washing facilities with soap and water  ; % of schools latrines emptied and properly disposed ,y
50,ETPM_050,MoH,Strategy,National Nutrition Strategy of Ethiopia,Ethiopia,--,--,--,--,--,--,--,--,--,--,--,--,--,--
51,ETPM_051,MoA,Strategy,Nutrition Sensitive Agriculture Strategy,Ethiopia,--,2016,--,--,--,--,--,--,--,--,--,--,--,--
52,ETPM_052,MoA,strategy,Livestock extension vision and strategy for Ethiopia,Ethiopia,--,2013,--,--,--,International Livestock Research Institute,--,--,--,--,--,--,--,--
53,ETPM_053,Africa,Strategy,Livestock Development Strategy for Africa (2015-2035),Africa,--,--,--,--,--,--,--,--,--,--,--,--,--,--
54,ETPM_054,IGAD,Strategy,IGAD Strategy for Sustainable and Resilient Livestock Development in View of limate Change (2022 - 2037),IGAD,--,--,--,--,--,--,--,--,--,--,--,--,--,--
55,ETPM_055,IGAD,Strategy,IGAD Animal Health Strategy (2017-2022),IGAD,--,--,--,--,--,--,--,--,--,--,--,--,--,--
56,ETPM_056,IGAD,Strategy,IGAD Regional Nutrition Strategy (IRNS) – 2013-2017,IGAD,--,--,--,--,--,--,--,--,--,--,--,--,--,--
57,ETPM_057,IGAD,Strategy,"IGAD Regional Food Security and Nutrition Strategy (RFSNS) – 2007-2012, Extended in 2013",IGAD,--,--,--,--,--,--,--,--,--,--,--,--,--,--
58,ETPM_058,IGAD,Strategy,IGAD Food Security and Sustainable Development Strategy – 2016,IGAD,--,2016,--,--,--,--,--,--,--,--,--,--,--,--
59,ETPM_059,IGAD,Strategy,IGAD Regional Resilience Strategy (RRS) – 2013,IGAD,--,2013,--,--,--,--,--,--,--,--,--,--,--,--
60,ETPM_060,MoA,Strategy,"Nutrition Sensitive Agriculture Strategy, 2016",Ethiopia,Yes,2016,--,--,--,--,--,--,--,--,--,--,--,--
61,ETPM_061,MoH,Strategy,"National School Health and Nutrition Strategy, 2012",Ethiopia,--,2012,--,--,--,--,--,--,--,--,--,--,--,--
62,ETPM_062,MoA,Strategy,"Postharvest Management Strategy in Grains in Ethiopia, 2018",Ethiopia,--,2018,--,--,--,--,--,--,--,--,--,--,--,--
63,ETPM_063,MoH,Strategy,Ethiopian national Health care qualtiy strategy,Ethiopia,--,--,--,--,2016-2020,--,--,--,--,--,--,--,--,--
64,ETPM_064,MoH,Strategy,National health care financing strategy,Ethiopia,--,--,--,--,2015-2035,--,--,--,--,--,--,--,--,--
65,ETPM_065,MoH,Strategy,Integrated urban sanitation and hygiene strategy,Ethiopia,--,--,--,--,--,--,--,--,--,--,--,--,--,--
66,ETPM_066,MoH,Strategy,National Adolescent and Youth Health Strategy (2021-2025) ,Ethiopia,--,2016,--,--,2016-2020,--,--,--,--,--,--,--,--,--
67,ETPM_067,MoH,Strategy,National school feeding strategy,Ethiopia,--,2017,--,--,--,--,--,--,--,--,--,--,--,--
68,ETPM_068,MoH,Strategy,National school health and nutrition strategy,Ethiopia,--,2012,--,--,--,--,--,--,--,--,--,--,--,--
69,ETPM_069,MoA,Strategy,Postharvest management strategy in grains in Ethiopia,Ethiopia,--,2018,--,--,--,--,--,--,--,--,--,--,--,--
70,ETPM_070,MoH,Strategy,National Adloescent and youth health strategy,Ethiopia,--,2016,--,--,2016-2020,--,--,--,--,--,--,--,--,--
71,ETPM_071,MoA?,Strategy,Ethiopia's climate resilient green economy strategy,Ethiopia,--,2011,--,--,--,--,--,--,--,--,--,--,--,--
72,ETPM_072,MoA,Strategy,Food Security Strategy,Ethiopia,--,2002,--,--,--,FAO,--,--,--,--,--,--,--,--
73,ETPM_129,FAO,Strategy,Postharvest Management Strategy of Ethiopia (PHMSE),Ethiopia,Yes,2023/24,--,--,2023-2030,--,--,--,--,--,--,--,--,--
74,ETPM_130,MoA,Strategy,National Food Safety and Quality Strategy for Primary Agricultural Produce,Ethiopia,Yes,2024,--,--,2024-2030,--,--,--,--,--,--,--,--,--
75,ETPM_131,MoH,Strategy,National School Feeding Policy Framework & Strategy,Ethiopia,Yes,2021,--,--,--,--,--,--,--,--,--,--,--,--
76,ETPM_073,MoH,Strategy,"NATIONAL HYGIENE AND SANITATION STRATEGY FORETH IOPIA
",Ethiopia,--,2005,--,--,--,--,--,--,--,--,--,--,--,--
77,ETPM_074,MoH,Strategy,National social protection policy strategy,Ethiopia,--,2016,--,--,--,--,--,--,--,--,--,--,--,--
78,ETPM_075,MoH-EPHI,Guideline,Food-Based Dietary Guidelines (FBDGs),Ethiopia,--,2022,--,--,--,--,--,--,--,--,--,--,--,--
79,ETPM_076,MoH,Guideline,Guidelines for the prevention and control of micronutrient malnutrition in Ethiopia,Ethiopia,--,2016,--,--,--,--,--,--,--,--,--,--,--,--
80,ETPM_077,MoH,Guideline,Food -Based Dietary Guidelines 2022,Ethiopia,--,2022,--,--,--,--,--,--,--,--,--,--,--,--
81,ETPM_078,MoH,Guideline,AMIYCN guideline,Ethiopia,--,2016,--,--,--,--,--,--,--,--,--,--,--,--
82,ETPM_079,MoH,Guideline,Implementation guideline for CLTSH programming,Ethiopia,--,2012,--,--,--,--,--,--,--,--,--,--,--,--
83,ETPM_080,MoH,Guideline,Emergency school feeding program implementation guideline,Ethiopia,--,--,--,--,--,--,--,--,--,--,--,--,--,--
84,ETPM_081,MoH,Guideline,Baby and Mother WASH Implementation guideline,Ethiopia,--,2017,--,--,--,--,--,--,--,--,--,--,--,--
85,ETPM_082,MoH,Guideline,SWASH implementation Guideline,Ethiopia,--,2017,--,--,--,--,--,--,--,--,--,--,--,--
86,ETPM_083,MoH,Guideline,National hygiene and environmental health communication guideline,Ethiopia,--,2016,--,--,--,--,--,--,--,--,--,--,--,--
87,ETPM_084,MoH,Guideline,NNP multisectoral implementation guideline,Ethiopia,--,2016,--,--,--,--,--,--,--,--,--,--,--,--
88,ETPM_085,MoH,Manual,NUTRITION Extension Package,Ethiopia,Yes,2003,Non-Binding,--,--,--,--,--,--,"By preventing diseases that are caused by malnutrition, create a healthy society that has a balanced physical structure"," Enable/capacitate the society to have adequate concept/ knowledge about the essence and value of  nutrition. o Empower the society to identify health problems that are caused by vitamin, and mineral deficiencies and by malnutrition in general and build its capacity to prevent the health problems caused by malnutrition. o Empower the society to understand the nutritional care that mothers and children require and capacitate it to the implementation of the nutrition package o Enable the society to acquire adequate knowledge and skills on balanced diet and supplementary food preparation o Develop the society's practice of preparing and taking balanced diet by knowing the value of balanced diet. o Enable the society to disregard harmful and backward food preparation methods and traditional feeding habits.","This family centered nutrition package is therefore, prepared to develop the knowledge and skills of the society about nutrition and to build its capacity for identifying and taking appropriate actions to eradicate malnutrition and prevent its resurgence.  The health extension workers will be the implementers of the package",--,y
89,ETPM_086,MoH,Manual,Module II CMNCH participants manual for HEW's,Ethiopia,--,2011,Non-Binding,--,--,--,--,--,--,--,--,--,--,--
90,ETPM_087,MoA,Manual,AGPII program implementation manual,Ethiopia,--,2015,Non-Binding,--,--,--,--,--,--,--,--,--,--,--
91,ETPM_088,MoE,Manual,Homegrown school feeding implementation manual,Ethiopia,--,2014,Non-Binding,--,--,--,--,--,--,--,--,--,--,--
92,ETPM_089,MoH,Manual,CHIS users manual,Ethiopia,--,2011,Non-Binding,--,--,--,--,--,--,--,--,--,--,--
93,ETPM_090,MoE,Program,Education Sector Development Program V (ESDP V),Ethiopia,--,--,Non-Binding,--,2015-2020,--,--,--,--,--,--,--,--,--
94,ETPM_091,MoH,Program,National Nutrition Program (2016-2020),Ethiopia,--,--,Non-Binding,SDG Agonist,--,--,--,--,--,--,--,--,--,--
95,ETPM_092,MoA,Program,"Agricultural Growth Program (AGP-II), 2015",Ethiopia,--,--,--,--,--,--,--,--,--,--,--,--,--,--
96,ETPM_093,MoH,Program,Ethiopia Health Extension Programme,Ethiopia,--,--,--,--,--,--,--,--,--,--,--,--,--,--
97,ETPM_094,MoH,Program,Health System Transformation Plan Information revolution roadmap,Ethiopia,--,2016,--,--,--,--,--,--,--,--,--,--,--,--
98,ETPM_095,MoH,Program,SCHOOL HEALTH PROGRAM FRAMEWORK,Ethiopia,--,2017,--,--,--,--,--,--,--,--,--,--,--,--
99,ETPM_096,MoA,Program,AGPII program design,Ethiopia,--,2014,--,--,--,--,--,--,--,--,--,--,--,--
100,ETPM_097,MoH,Program,ONE WASH national program ,Ethiopia,--,2015,--,--,--,--,--,--,--,--,--,--,--,--
101,ETPM_098,MoANR/WB,Program,AGP 2 Project Appraisal document,Ethiopia,Yes,2015,Non-Binding,SDG Agonist,2015-2020,--,"CDSF, MDTF, CASCAPE, USAID,EC, AECID,Italian Development Cooperation,Small Scale Irrigation Technical Assistance Project",The second AGP would be inligned with GTP2 currently under preperation and thereby contributing to the achievement of targets set for agriculture sector growth; help achieve the GoE’s poverty reduction strategy; role of ag sector in achieving nut goals is recoganized in NNP; GoE’s Climate Resilient Green Economy (CRGE) Strategy,--,The Project Development Objective is to increase agricultural productivity and commercialization of small holder farmers targeted by the project.,"The project would also contribute to the higher level objectives of poverty reduction, improved nutritional outcomes by diversifying and improving dietary consumption and climate change mitigation and adaptation through supported CSA initiatives.","The important role of the agricultural sector in achieving nutritional goals is recognized in the NNP. To increase impact, agricultural growth needs to be nutrition sensitive, as growth by itself may not lead to improved outcomes. In addition to supporting the diversification into more nutrient-rich foods, for example, through supporting household and small scale irrigation which enables production of horticulture crops, purposeful actions need to be taken to develop, promote and create awareness of nutrition sensitive agricultural technologies in production, post-harvest preservation and food preparation. The project would support this through public agricultural services including research, extension and animal health and production. The project will support nutrition interventions in line with the NPP, through the diversification of crop and livestock production including under irrigation, the identification, validation and dissemination of nutrition dense crop and livestock technologies, increased attention to storage and processing of foods and awareness of nutritional issues at household level.","Percentage increase in crop diversity (no. of HH cultivating 3 or more crops) in targeted households benefiting directly from the project;  Number of technologies promoted to public extension services (total and disaggregated by gender sensitive, nutrition and climate smart); Number of demand-driven improved agricultural technologies under research (total and disaggregated by gender sensitive, nutrition and climate smart technologies)",y
102,ETPM_099,IGAD,Program,IGAD Comprehensive Africa Agriculture Development Programme (CAADP) (2016-2020),IGAD,--,2022,--,--,--,--,--,--,--,--,--,--,--,--
103,ETPM_0100,MoH,Program,ONE WASH national programme document,Ethiopia,--,2013,--,--,--,--,--,--,--,--,--,--,--,--
104,ETPM_101,MoH,Program,Essential Health Services Package of Ethiopia,Ethiopia,--,"2019
",--,--,--,--,--,--,--,--,--,--,--,--
105,ETPM_102,MoH,Planning Document ,Health System Transformation Plan,Ethiopia,--,2015,--,--,2015-2020,--,--,--,--,--,--,--,--,--
106,ETPM_103,NDRMC,Planning Document ,Ethiopia Humanitarian and Disaster Resilience Plan,Ethiopia,Yes,2018,--,--,Jan-Dec.2018,"FMOH, ENCU,",--,NNPII,--,"Save lives and  reduce morbidity due to drought and acute food insecurity , protect and restore livelihoods, Prepare for and respond to other humanitarian shocks – natural disasters, conflict and displacement ","Nutrition objective 1: 1350,111 SAM cases (children under five years) and 3.48 million MAM cases (children under five years and pregnant and lactating women) identified and treated for severe and moderate acute malnutrition, ensuring the beneficiaries have access to IYCF-E support and expanded access to a continuum of care for SAM-MAM case management. Nutrition objective 2:Integrated response with WASH, Health, WASH and food or cash is promoted to mitigate against nutrition vulnerability. Nutrition objective 3: Approximately 20,000* acutely malnourished children from internally displaced population timely identified and treated with MAM and SAM management services to prevent further impact of the experienced shocks. (* 13.5% population of U5 in 1 million IDP X 20% GAM estimated).",Part II: Sector response plan -Nutrition,"Micronutrient supplementation routine (including Vit A, Iron/folate,  Deworming) and nutrition screening and referral; ",y
107,ETPM_104,MoH,Planning Document ,Health Sector Transformation Plan,Ethiopia,Yes,2015,--,--,2015-2020,Regional Health Bureaus,NGOS,"The Health Sector Transformation Plan (HSTP) is therefore the first phase of the ‘Envisioning Ethiopia’s Path towards Universal Health Coverage through Strengthening Primary Health Care’, and part of the second Growth and Transformation Plan (GTP-II) of the country. ","In general, the ultimate purpose with this plan is to improve the health status of the peoples of Ethiopia in an equitable manner. ","Transformation in equity and quality of health care , Information revolution ,Woreda transformation ,The Caring, Respectful and Compassionate health workforce ", Comprehensive and Integrated Nutrition Service ,"section 3.2.3. nutrition and strategic theme 1 (The success in this strategic theme will be measured by Reduction of micronutrient deficiency, wasting and stunting )"," proportion of children ages 6-59 months who received vitamin A supplementation to 95%, Proportion of households using  iodized salt,  proportion of under 5 children with regular growth monitoring  ; Proportion of exclusive breast feedings in the first six months; Proportion of children aged 2-5 years de-wormed; Proportion of pregnant women  supplemented with folic acid  and iron folate;Proportion of hospitals implementing Baby-Friendly Hospital Initiative ",Y
108,ETPM_105,NDRMC,Planning Document ,Humanitarian Response Plan,Ethiopia,Yes,2019,--,--,Jan-Dec.2019,--,--,"The strategy will be aligned with Government, development and humanitarian response frameworks to be implemented as of 2020, including Third Growth and Transformation Plan (GTP3), the new UN Development Assistance Framework (UNDAF), and the Productive Safety Net Programme (PSNP)",--,"Lives are saved and sustained,Protection services for affected communties are provided, Livelihoods and basic services delivery are supported to strengthen resilience to recurrent shocks",--,--,--,--
109,ETPM_106,MoH,Planning document,National Cervical Cancer Prevention and Control Implementation Plan,Ethiopia,Yes,--,--,--,2015-2019,--,--,"The heath policy environment in Ethiopia is conducive to roll out of the National Cervical Cancer Program (NCCP). This has been highlighted in the major RH policy documents including the National RH policy, the National RH Strategy, The National RH/HIV integration strategy and the National Strategic Action Plan for the Prevention and Control of Non-Communicable Diseases. Cervical cancer prevention and control is also expressed in the following global and national policy documents: the Global Sexual and Reproductive Health Strategy; the Global Cancer Control Strategy; the National Health Sector Strategic Plan IV and in the National Health Sector Transformation Plan.","The goal of the program is to reduce the incidence, prevalence, morbidity and mortality from cervical cancer and improve quality of life of cervical cancer patients in accordance with the Ethiopian Health policy framework, the National RH policy and the National RH strategy",1.    Create an enabling environment for expansion of the National Cervical Cancer prevention and control Program (NCCPC).  2. Create demand for NCCPC services  3. To provide high quality CCP and treatment services  4. Strengthen referral system for NCCPC program (linkages),--,--,--,--
110,ETPM_107,MoTI,Planning document,National Food Fortification Program Plan of action,Ethiopia,Yes,2017,--,--,2017-2022,"FMOH, FBPIDI, MOFED, MOE,MOST,ESA,Customs and revenue authority, FMHACA, Private sector(oil producers..)","USAID, SC/ENGINE, World Bank,NI, GAIN, AAIF, CHAI,Irish AID, Techno serve, DFID, ECF, SNV, Bill and Melinda Gates foundation,associations ( professional and education associations)","NNPII,","To contribute to the reduction of micronutrient deficiencies among vulnerable population in Ethiopia as part of the National Nutrition Program through fortification of wheat, salt and edible oil and other food vehicles produced by domestic industries and/or imported into to the country.","Strengthen coordination of the National Food Fortification Program  Develop and endorse National mandatory Food Fortification Standards   Develop, facilitate and support the production of good quality fortified food products including wheat flour, oil and salt.   Raise public awareness and advocate for food fortification in Ethiopia   Strengthen / establish a fortification monitoring and evaluation system to improve quality and inform policy and program through evidence","Develop, facilitate and support the production of good quality fortified food products including wheat flour, oil and salt.",Fortification is relatively inexpensive and effective means of increasing micronutrient intake as it improves the nutrition status of the population without changing their dietary habits,"Amount of fortified food available at retail level (domestic & imported) , Change in percent share of fortified food in the market ",y
111,ETPM_108,MoH,Planning document,National Strategic Action Plan for the Prevention And Control of Non-Communicable Diseases,Ethiopia,Yes,2019,--,--,2019-2025,"MOE, MOT, the Ministry of Housing and Construction, MOTI , MWCYA, MOLSA, MOA, ETHIOPIAN PHARMACEUTICALS SUPPLY AGENCY (EPSA), EPHI","International and Local NGOs, UN Agencies, Faith Based Organizations, Civic Society Organizations (CSOs), Professional Associations, Patients’ Associations, Community Based Organizations and the Private Media",National Health Policy,"To reduce the burden of NCDs by promoting healthy lifestyles, reducing common risk factors and providing integrated evidenced based, innovative and cost effective public health and clinical interventions.","1.      Strengthen national capacity, public policies through health in all policies, leadership, governance, multi-sectoral action and partnership to accelerate country response for prevention and control of non-communicable diseases. 2.      Reduce exposure to modifiable risk factors for non-communicable diseases and promotion of health throughout the lifecycle through the creation of health-promoting environments.  3.      Strengthen and reorient health systems to address prevention and control of non-communicable diseases through people-centered care with financial risk protection and universal health coverage.  4.      Strengthen national capacity for NCDs and risk factors surveillance and research for prevention and control of non- communicable diseases  5.      Strengthen international cooperation and advocacy to raise the priority accorded to prevention and control of non-communicable diseases in the development agenda and in internationally agreed development goals.",--," Strategic Initiative 2: Promoting Healthy Diet: The objective of this strategic initiative is to increase public awareness on healthy diet which includes adequate intake of vegetables, fruits and whole grains; limited intake of sugar, salt and saturated fat and avoidance of transfats. Healthy diet promotive services shall encompass all stages of life. The FMOH should engage the non- health sectors that can contribute to the promotion of healthy diet.  ","Reduce insufficient fruit and vegetable consumption in persons aged 15+ years, National dietary guideline developed, Implementation of promotion of Healthy diet in school health and nutrition program , Directives, proclamations on saturated fat, trans fat, salt and sugar",Y
112,ETPM_109,MoA,Planning document,Ethiopia livestock master plan A contribution to the Growth and Transformation Plan II (2015-2020) Roadmaps for growth and transformation,Ethiopia,Yes,2015,--,--,--,"International Livestock Research Institute, BMG",--,--,--,--,--,--,--,--
113,ETPM_110,--,Planning document,Growth and Transformation Plan II (GTP II) (2015/16-2019/20),Ethiopia,Yes,--,--,--,--,--,--,--,--,--,--,--,--,--
114,ETPM_111,MoH,Planning document,Health Sector Transformation Plan (2015/16 - 2019/20),Ethiopia,--,--,--,--,--,--,--,--,--,--,--,--,--,--
115,ETPM_112,--,Planning document,Growth and Transformation Plan I,Ethiopia,--,--,--,--,--,--,--,--,--,--,--,--,--,--
116,ETPM_113,--,Planning document,Growth and Transformation Plan II,Ethiopia,--,2016,--,--,2015-2020,National Planning Commission,--,--,--,--,--,--,--,--
117,ETPM_114,MoE,Planning document,Education Sector Development Program V (ESDP V),Ethiopia,--,--,--,--,2015-2020,--,--,--,--,--,--,--,--,--
118,ETPM_115,--,Planning document,"National School Water, Sanitation and Hygiene (SWASH) Implementation Guideline",Ethiopia,--,2017,--,--,--,--,--,--,--,--,--,--,--,--
119,ETPM_116,--,Planning document,Ethiopia humanitarian and disaster resilience plan,Ethiopia,--,2018,--,--,--,--,--,--,--,--,--,--,--,--
120,ETPM_117,--,Planning document,Community based marketing and sale of WASH products: an engine approach to WASH for nutrition,Ethiopia,--,--,--,--,--,--,--,--,--,--,--,--,--,--
121,ETPM_118,MoH,Planning Document ,Health sector Mointoring and Evaluation Strategic Plan ,Ethiopia,Yes,2015,--,--,2016-2020,--,--,--,--,"Improve ownership of community in M&E  2. Improve optimal use of resource for M&E  3. Improve data quality  4. Strengthen operational research, evaluation and survey  5. Enhance use of information  6. Improve responsiveness of M&E to health service Quality and Equity  7. Improve stakeholder partnership in M&E  8. Improve accountability  9. Improve institutional M&E capacity  ",No,--,No,y
122,ETPM_119,MoWIE,Planning Document ,Second Growth and Transformation National Plan for the Water Supply and Sanitation Sub-sector,Ethiopia,Yes,2015,--,--,2015-2020,--,--,GTP II,GOALS OF  THE GTP-II  PLAN ,--,Increase safe water supply upgrading the service level and improve urban wastewater management system. ,--,No,--
123,ETPM_120,MoFED,Planning Document ,Growth and Transformation Plan I,Ethiopia,Yes,2010,--,--,2010/11 - 2014/15,--,--,--,"The macroeconomic goals of the GTP are synchronized with the overall policy objectives of maintaining the growth momentum witnessed during the PASDEP period, Ethiopia’s vision of becoming a middle income country, and meeting its MDG targets at a minimum", Maintain at least an average real GDP growth rate of 11% and attain MDGs; 2. Expand and ensure the qualities of education and health services and achieve MDGs in the social sector; 3. Establish suitable conditions for sustainable nation building through the creation of a stable democratic and developmental state; and 4. Ensure the sustainability of growth by realizing all the above objectives within a stable macroeconomic framework,"Improve access to health service, Improve quality of health services, Improve public health emergency preparedness and response , Improve pharmaceutical supply and services, Improve health infrastructure","2.3.5 Expansion of social development and guaranteeing their quality (The main initiatives that are expected to ensure that this strategic pillar is realized are improved access to good quality higher and adult education, very wide access to good quality primary health care, better access to safe water and sanitation facilities, halting the spread of HIV/AIDS and other key infectious diseases, improving food security and nutrition, and improved housing conditions).  Provision of/for prison inmates´ accommodation, health, nutrition, communications and recreational services will be improved",--,--
124,ETPM_121,Plan Commission,Planning Document ,Growth and Transformation Plan II,Ethiopia,Yes,2016,--,--,2016-2020,--,--,"The Second Growth and Transformation Plan (GTPII) is built on Sectoral policies, strategies and programs, lessons drawn from the implementation of GTP I and the post-2015 sustainable development goals (SDGs). The national nutrition strategy which aims at producing healthy and productive citizens by fulfilling their nutrition demand will be implemented with due consideration by the relevant stakeholders",--,"The major objective of GTP II is to serve as a spring board towards realizing the national vision of becoming a low middle-income country by 2025, through sustaining the rapid, broad based and inclusive economic growth, which accelerates economic transformation and   the journey towards the country’s Renascence",--,--,--,--
125,ETPM_122,--,Planning document,"A Plan for Accelerated and Sustained Development to End Poverty, (2006-2010)",Ethiopia,Yes,--,--,--,2006-2010,--,--,--,--,--,--,--,--,--
126,ETPM_123,--,Planning document,Education sector Development program action plan,Ethiopia,Yes,2015,--,--,2008-2012,--,--,--,--,--,--,--,--,--
127,ETPM_124,--,Planning document,SWASH strategy and implementation action plan,Ethiopia,Yes,2017,--,--,--,--,--,--,--,--,--,--,--,--
128,ETPM_125,MoH,Planning document,Seqota declaration implementation plan,Ethiopia,Yes,2016,--,--,2016-2030,--,--,--,--,--,--,--,--,--
129,ETPM_126,--,Planning document,Humanitarian Response plan,Ethiopia,Yes,2019,--,--,--,--,--,--,--,--,--,--,--,--
130,ETPM_127,MoH,Planning document,Health sector M&E strategic plan,Ethiopia,Yes,2015,--,--,2016-2020,--,--,--,--,--,--,--,--,--
131,ETPM_128,MoH-EFDA,Master Plan,National Food Safety Master Plan (2025-2029),Ethiopia,Yes,2024,--,--,2025-2029,--,--,--,--,--,--,--,--,--
132,ETPM_132,MoH AND ETHIOPIAN DISASTER RISK MANAGEMENT COMMISSION ,Road Map,"Implementation Roadmap For Nutrition Centric-Humanitarian, Development And Peace Triple Nexus Operationalization In Ethiopia",Ethiopia,Yes,2024,--,--,--,--,--,--,--,--,--,--,--,--
133,ETPM_133,MoA/ATI,Road Map,Ethiopian Food System Transformation Roadmap,Ethiopia,Yes,2021,--,--,End 2030,--,--,--,--,--,--,--,--,--
